LotArea,YearBuilt,TotalBsmtSF,1stFlrSF,2ndFlrSF,MiscVal,GarageCars,Fireplaces,BedroomAbvGr
0.05080803134182174,0.7651515151515151,0.5677013045434098,0.4477011494252874,0.0,0.0,0.6666666666666666,0.3333333333333333,0.375
0.05559500489715965,0.7424242424242424,0.4979757085020243,0.3586206896551724,0.6101800124146493,0.02258064516129032,0.6666666666666666,0.6666666666666666,0.375
0.037463271302644464,0.48484848484848486,0.44579397210976157,0.3413793103448276,0.0,0.0,0.3333333333333333,0.6666666666666666,0.25
0.07142507345739471,0.6590909090909091,0.41025641025641024,0.24655172413793103,0.0,0.0,0.3333333333333333,0.0,0.25
0.029505386875612143,0.4090909090909091,0.3742690058479532,0.2132183908045977,0.0,0.0,0.6666666666666666,0.0,0.25
0.06085333006856024,0.7196969696969697,0.45164192532613584,0.29942528735632185,0.0,0.04516129032258064,0.6666666666666666,0.3333333333333333,0.25
0.038320274240940255,0.6287878787878788,0.46288798920377866,0.49195402298850577,0.0,0.0,0.3333333333333333,0.0,0.375
0.03764079333986288,0.4166666666666667,0.28654970760233917,0.35919540229885055,0.0,0.0,0.3333333333333333,0.3333333333333333,0.375
0.017899118511263468,0.7651515151515151,0.4678362573099415,0.33160919540229883,0.0,0.0,0.6666666666666666,0.3333333333333333,0.375
0.042519588638589616,0.7045454545454546,0.4768331084120558,0.33160919540229883,0.0,0.0,0.3333333333333333,0.3333333333333333,0.375
0.036116552399608225,0.5757575757575758,0.4048582995951417,0.2396551724137931,0.0,0.0,0.6666666666666666,0.0,0.375
0.09195029382957884,0.6212121212121212,0.6675663517768781,0.6419540229885058,0.0,0.0,0.3333333333333333,0.6666666666666666,0.25
0.030754162585700295,0.3939393939393939,0.23391812865497075,0.021264367816091954,0.0,0.0,0.3333333333333333,0.0,0.125
0.04434378060724779,0.6893939393939394,0.5524066576698156,0.4281609195402299,0.0,0.0,0.3333333333333333,0.0,0.375
0.04427032321253673,0.5984848484848485,0.5834457939721097,0.46781609195402296,0.0,0.0,0.6666666666666666,0.3333333333333333,0.375
0.04053623898139079,0.5909090909090909,0.47548358074673863,0.32988505747126434,0.0,0.0,0.3333333333333333,0.0,0.375
0.09552522037218414,0.6363636363636364,0.6072874493927125,0.48563218390804597,0.0,0.0,0.3333333333333333,0.6666666666666666,0.25
0.048237022526934376,0.8181818181818182,0.37786774628879893,0.23045977011494254,0.0,0.0,0.6666666666666666,0.0,0.25
0.04835945151811949,0.7575757575757576,0.4219523166891588,0.2614942528735632,0.0,0.0,0.3333333333333333,0.0,0.375
0.04067703232125367,0.6363636363636364,0.51731893837157,0.38333333333333336,0.0,0.0,0.3333333333333333,0.0,0.375
0.03943437806072478,0.6893939393939394,0.4295996401259559,0.271264367816092,0.0,0.0,0.3333333333333333,0.0,0.375
0.07694049951028403,0.9242424242424242,0.3571749887539361,0.17873563218390803,0.4196151458721291,0.0,0.6666666666666666,0.0,0.375
0.03023996082272282,0.44696969696969696,0.36707152496626183,0.19137931034482758,0.0,0.025806451612903226,0.6666666666666666,0.3333333333333333,0.375
0.036116552399608225,0.7348484848484849,0.3508771929824561,0.1706896551724138,0.0,0.0,0.3333333333333333,0.0,0.25
0.036116552399608225,0.3409090909090909,0.2384165542060279,0.05632183908045977,0.32898820608317814,0.0,0.3333333333333333,0.0,0.375
0.05509304603330069,0.3484848484848485,0.2591093117408907,0.24080459770114943,0.5015518311607697,0.0,0.6666666666666666,0.0,0.375
0.020249755142017628,0.5303030303030303,0.3360323886639676,0.15172413793103448,0.0,0.0,0.3333333333333333,0.0,0.25
0.0756060235063663,0.7424242424242424,1.0,1.0,0.0,0.0,0.6666666666666666,0.6666666666666666,0.375
0.03855901077375123,0.8106060606060606,0.38011695906432746,0.20804597701149424,0.0,0.0,0.6666666666666666,0.0,0.25
0.054480901077375125,0.5984848484848485,0.4885290148448043,0.34655172413793106,0.0,0.0,0.6666666666666666,0.0,0.375
0.027485308521057787,0.30303030303030304,0.37786774628879893,0.20517241379310344,0.4748603351955307,0.0,0.3333333333333333,0.0,0.375
0.04392140058765916,0.6136363636363636,0.42825011246063877,0.2695402298850575,0.0,0.0,0.3333333333333333,0.0,0.25
0.05595004897159647,0.26515151515151514,0.19793072424651373,0.11436781609195402,0.34016139044072,0.0,0.6666666666666666,0.0,0.25
0.0716209598432909,0.7045454545454546,0.4030589293747188,0.4017241379310345,0.595903165735568,0.0,0.3333333333333333,0.3333333333333333,0.5
0.07382468168462292,0.3484848484848485,0.3940620782726046,0.2764367816091954,0.0,0.0,0.6666666666666666,0.0,0.25
0.051818070519098924,0.8939393939393939,0.30589293747188484,0.1132183908045977,0.4903786468032278,0.03096774193548387,0.6666666666666666,0.3333333333333333,0.375
0.056947845249755144,0.7727272727272727,0.7242465137201979,0.6477011494252873,0.0,0.0,0.6666666666666666,0.6666666666666666,0.375
0.0581537708129285,0.07575757575757576,0.28834907782276203,0.32413793103448274,0.0,0.02903225806451613,0.3333333333333333,0.0,0.25
0.04407443682664055,0.3333333333333333,0.3567251461988304,0.29540229885057473,0.3227808814400993,0.0,0.0,0.0,0.375
0.0639752693437806,0.7727272727272727,0.8295096716149347,0.782183908045977,0.0,0.0,0.6666666666666666,0.3333333333333333,0.375
0.04997551420176298,0.6287878787878788,0.48582995951417,0.3431034482758621,0.0,0.0,0.3333333333333333,0.0,0.375
0.03354554358472086,0.45454545454545453,0.23391812865497075,0.021264367816091954,0.0,0.0,0.0,0.0,0.25
0.018903036238981392,0.4166666666666667,0.30229419703103916,0.20517241379310344,0.0,0.0,0.0,0.3333333333333333,0.375
0.04696988246816846,0.6287878787878788,0.4534412955465587,0.3275862068965517,0.0,0.0,0.6666666666666666,0.0,0.375
0.07896669931439765,0.6893939393939394,0.4156545209176788,0.42126436781609194,0.5841092489137182,0.0,0.6666666666666666,0.6666666666666666,0.5
0.03726738491674829,0.6363636363636364,0.47818263607737294,0.4850574712643678,0.0,0.0,0.6666666666666666,0.0,0.375
0.05530729676787463,0.7045454545454546,0.6572199730094467,0.7114942528735633,0.0,0.0,0.6666666666666666,0.3333333333333333,0.375
0.05570519098922625,0.7196969696969697,0.5865946918578497,0.6890804597701149,0.0,0.0,0.6666666666666666,0.3333333333333333,0.375
0.029505386875612143,0.42424242424242425,0.3216374269005848,0.22528735632183908,0.0,0.0,0.3333333333333333,0.0,0.25
0.055435847208619,0.7575757575757576,0.4358974358974359,0.2793103448275862,0.0,0.0,0.6666666666666666,0.0,0.375
0.0746816846229187,0.6439393939393939,0.7206477732793523,0.4419540229885057,0.0,0.0,0.6666666666666666,0.3333333333333333,0.125
0.036116552399608225,0.5681818181818182,0.0,0.3201149425287356,0.0,0.0,0.6666666666666666,0.0,0.25
0.060112634671890305,0.8257575757575758,0.5542060278902384,0.4304597701149425,0.0,0.0,0.6666666666666666,0.0,0.375
0.025710088148873652,0.6136363636363636,0.3967611336032389,0.2293103448275862,0.0,0.0,0.0,0.0,0.125
0.02509794319294809,0.38636363636363635,0.5168690958164642,0.38275862068965516,0.28988206083178153,0.0,0.3333333333333333,0.0,0.375
0.05390548481880509,0.49242424242424243,0.2896986054880792,0.1867816091954023,0.33954065797641214,0.0,0.0,0.0,0.5
0.09408055827619981,0.803030303030303,0.7584345479082322,0.7034482758620689,0.0,0.0,0.6666666666666666,0.3333333333333333,0.25
0.06769098922624878,0.5,0.32388663967611336,0.2132183908045977,0.0,0.0,0.6666666666666666,0.0,0.25
0.02452252693437806,0.8484848484848485,0.47863247863247865,0.3339080459770115,0.43637492240844195,0.0,0.6666666666666666,0.3333333333333333,0.25
0.06926420176297747,0.5681818181818182,0.540710751237067,0.9626436781609196,0.0,0.0,0.6666666666666666,0.3333333333333333,0.5
0.04419686581782566,0.36363636363636365,0.4354475933423302,0.27873563218390807,0.0,0.0,0.6666666666666666,0.0,0.25
0.038491674828599415,0.3409090909090909,0.3567251461988304,0.24022988505747125,0.5592799503414029,0.0,0.3333333333333333,0.3333333333333333,0.5
0.047502448579823706,0.6212121212121212,0.0,0.4925287356321839,0.0,0.0,0.3333333333333333,0.3333333333333333,0.375
0.03757345739471107,0.25,0.22672064777327935,0.2603448275862069,0.1961514587212911,0.0,0.6666666666666666,0.0,0.375
0.05576640548481881,0.3106060606060606,0.2968960863697706,0.1867816091954023,0.43699565487274983,0.0,0.3333333333333333,0.0,0.375
0.03778158667972576,0.7348484848484849,0.32613585245164195,0.13908045977011493,0.468032278088144,0.0,0.6666666666666666,0.0,0.5
0.03599412340842312,0.7348484848484849,0.38866396761133604,0.2189655172413793,0.0,0.0,0.3333333333333333,0.0,0.375
0.005999020568070519,0.7651515151515151,0.38461538461538464,0.21379310344827587,0.37306021104903786,0.0,0.6666666666666666,0.3333333333333333,0.375
0.025832517140058766,0.2803030303030303,0.3396311291048133,0.25632183908045975,0.5766604593420236,0.0,0.0,0.0,0.625
0.05402179236043095,0.7727272727272727,0.5380116959064327,0.4574712643678161,0.0,0.0,0.6666666666666666,0.6666666666666666,0.375
0.0348922624877571,0.3712121212121212,0.27755285650022493,0.21954022988505748,0.27622594661700806,0.0,0.3333333333333333,0.0,0.25
0.01346718903036239,0.5454545454545454,0.32388663967611336,0.13620689655172413,0.3500931098696462,0.0,0.3333333333333333,0.0,0.25
0.04254407443682664,0.6742424242424242,0.49122807017543857,0.35,0.0,0.0,0.6666666666666666,0.0,0.375
0.026346718903036238,0.3787878787878788,0.38866396761133604,0.2189655172413793,0.0,0.0,0.0,0.0,0.25
0.058765915768854066,0.7727272727272727,0.30994152046783624,0.11839080459770115,0.43637492240844195,0.02903225806451613,0.3333333333333333,0.0,0.375
0.053323947110675805,0.6212121212121212,0.4813315339631129,0.43275862068965515,0.0,0.0,0.3333333333333333,0.3333333333333333,0.25
0.06228574926542605,0.7575757575757576,0.32073774179037334,0.18850574712643678,0.45996275605214154,0.0,0.6666666666666666,0.3333333333333333,0.375
0.056317335945151814,0.7272727272727273,0.38866396761133604,0.2189655172413793,0.0,0.0,0.6666666666666666,0.0,0.25
0.0034831047992164546,0.7196969696969697,0.21727395411605938,0.0,0.3128491620111732,0.0,0.3333333333333333,0.0,0.25
0.04566601371204701,0.6363636363636364,0.5371120107962213,0.4086206896551724,0.0,0.0,0.3333333333333333,0.0,0.375
0.057235553379040155,0.7651515151515151,0.40215924426450744,0.23620689655172414,0.0,0.0,0.3333333333333333,0.0,0.375
0.04990817825661117,0.8939393939393939,0.44804318488529016,0.30517241379310345,0.45313469894475483,0.0,0.6666666666666666,0.0,0.375
0.015793339862879528,0.5303030303030303,0.30859199280251914,0.22011494252873562,0.0,0.0,0.0,0.0,0.25
0.057921155729676786,0.7954545454545454,0.28160143949617633,0.08218390804597701,0.36685288640595903,0.0,0.3333333333333333,0.3333333333333333,0.375
0.048004407443682666,0.26515151515151514,0.45883940620782726,0.2442528735632184,0.633147113594041,0.0,0.3333333333333333,0.0,0.5
0.04927766895200784,0.6742424242424242,0.5856950067476383,0.4706896551724138,0.0,0.0,0.3333333333333333,0.0,0.375
0.043462291870714986,0.6212121212121212,0.5910931174089069,0.47758620689655173,0.0,0.0,0.3333333333333333,0.0,0.375
0.043896914789422134,0.7727272727272727,0.2276203328834908,0.4189655172413793,0.0,0.0,0.6666666666666666,0.3333333333333333,0.375
0.025710088148873652,0.4090909090909091,0.41655420602789023,0.2545977011494253,0.0,0.0,0.6666666666666666,0.0,0.375
0.06605044074436826,0.803030303030303,0.6396761133603239,0.5396551724137931,0.0,0.0,0.6666666666666666,0.3333333333333333,0.375
0.043462291870714986,0.48484848484848486,0.32388663967611336,0.32701149425287357,0.44692737430167595,0.0,0.3333333333333333,0.3333333333333333,0.5
0.034280117531831536,0.49242424242424243,0.3328834907782276,0.16954022988505746,0.0,0.0,0.3333333333333333,0.3333333333333333,0.25
0.04050563173359451,0.7651515151515151,0.5141700404858299,0.3620689655172414,0.0,0.0,0.3333333333333333,0.3333333333333333,0.375
0.2314152791380999,0.5984848484848485,0.6230319388214125,0.5057471264367817,0.0,0.0,0.6666666666666666,0.6666666666666666,0.25
0.05080803134182174,0.6287878787878788,0.5578047683310842,0.6603448275862069,0.0,0.0,0.3333333333333333,0.3333333333333333,0.375
0.042935847208619,0.8106060606060606,0.36707152496626183,0.19137931034482758,0.0,0.0,0.3333333333333333,0.0,0.25
0.03650832517140059,0.3787878787878788,0.42825011246063877,0.2695402298850575,0.36995654872749845,0.0,0.6666666666666666,0.0,0.375
0.06113491674828599,0.8636363636363636,0.3630229419703104,0.39770114942528734,0.5009310986964618,0.0,0.6666666666666666,0.3333333333333333,0.375
0.051946620959843294,0.6590909090909091,0.41025641025641024,0.34597701149425286,0.4028553693358163,0.0,0.6666666666666666,0.3333333333333333,0.375
0.045482370225269346,0.30303030303030304,0.3139901034637877,0.1235632183908046,0.43327126008690253,0.0,0.3333333333333333,0.0,0.375
0.026854799216454457,0.2803030303030303,0.3508771929824561,0.2603448275862069,0.48417132216014896,0.0,0.0,0.0,0.75
0.09401934378060725,0.7727272727272727,0.3576248313090418,0.5660919540229885,0.4934823091247672,0.0,0.6666666666666666,0.3333333333333333,0.375
0.040628060724779626,0.8257575757575758,0.4511920827710301,0.2988505747126437,0.0,0.0,0.6666666666666666,0.0,0.375
0.06366307541625857,0.7045454545454546,0.3157894736842105,0.32068965517241377,0.43575418994413406,0.0,0.6666666666666666,0.3333333333333333,0.375
0.07774240940254652,0.5681818181818182,0.49122807017543857,0.38448275862068965,0.0,0.0,0.3333333333333333,0.3333333333333333,0.375
0.05203232125367287,0.7348484848484849,0.40215924426450744,0.23620689655172414,0.0,0.0,0.6666666666666666,0.0,0.375
0.04052399608227228,0.3409090909090909,0.14349977507872244,0.31724137931034485,0.2302917442582247,0.0,0.0,0.0,0.375
0.041013712047012735,0.553030303030303,0.43724696356275305,0.2810344827586207,0.0,0.0,0.3333333333333333,0.3333333333333333,0.25
0.03978942213516161,0.48484848484848486,0.3567251461988304,0.1781609195402299,0.20173805090006208,0.0,0.6666666666666666,0.3333333333333333,0.375
0.05080803134182174,0.3787878787878788,0.32748538011695905,0.20057471264367815,0.5021725636250776,0.0,0.6666666666666666,0.3333333333333333,0.375
0.027668952007835455,0.6060606060606061,0.5227170490328386,0.39080459770114945,0.0,0.0,0.3333333333333333,0.0,0.375
0.061061459353574925,0.696969696969697,0.31938821412505625,0.8132183908045977,0.6703910614525139,0.0,0.6666666666666666,0.3333333333333333,0.625
0.022649363369245838,0.5,0.32388663967611336,0.1839080459770115,0.0,0.0,0.6666666666666666,0.0,0.25
0.06481390793339863,0.3106060606060606,0.37966711650922175,0.5528735632183908,0.4276846679081316,0.0,0.6666666666666666,0.0,0.625
0.042091087169441724,0.6287878787878788,0.4750337381916329,0.3293103448275862,0.0,0.0,0.3333333333333333,0.0,0.375
1.0,0.6818181818181818,0.6743139901034638,0.6528735632183909,0.10366232153941651,0.04516129032258064,0.6666666666666666,0.6666666666666666,0.375
0.07863001958863859,0.8257575757575758,0.5434098065677013,0.6540229885057471,0.0,0.025806451612903226,0.6666666666666666,0.0,0.375
0.06794809010773752,0.6287878787878788,0.5465587044534413,0.4206896551724138,0.0,0.0,0.3333333333333333,0.0,0.375
0.07022526934378061,0.6439393939393939,0.43094916779127307,0.27298850574712646,0.0,1.0,0.3333333333333333,0.0,0.25
0.047649363369245835,0.5,0.2771030139451192,0.0764367816091954,0.30726256983240224,0.0,0.3333333333333333,0.0,0.375
0.04419686581782566,0.4015151515151515,0.2807017543859649,0.13620689655172413,0.0,0.0,0.6666666666666666,0.0,0.25
0.04865328109696376,0.8863636363636364,0.5209176788124157,0.3931034482758621,0.0,0.0,0.6666666666666666,0.0,0.375
0.03819784524975514,0.7803030303030303,0.39946018893387314,0.24655172413793103,0.0,0.0,0.6666666666666666,0.3333333333333333,0.25
0.00232615083251714,0.7348484848484849,0.21727395411605938,0.0,0.3128491620111732,0.0,0.3333333333333333,0.0,0.25
0.05748041136141038,0.3409090909090909,0.30229419703103916,0.10862068965517241,0.4171322160148976,0.0,0.3333333333333333,0.0,0.375
0.03978942213516161,0.5984848484848485,0.5704003598740441,0.4511494252873563,0.0,0.0,0.3333333333333333,0.3333333333333333,0.25
0.05221596474045054,0.6363636363636364,0.47818263607737294,0.46206896551724136,0.0,0.0,0.6666666666666666,0.3333333333333333,0.375
0.057137610186092064,0.5909090909090909,0.27350427350427353,0.4804597701149425,0.0,0.0,0.3333333333333333,0.0,0.375
0.022649363369245838,0.3712121212121212,0.46153846153846156,0.3120689655172414,0.4127870887647424,0.0,0.3333333333333333,0.3333333333333333,0.375
0.036116552399608225,0.7651515151515151,0.4682860998650472,0.3689655172413793,0.0,0.0,0.3333333333333333,0.3333333333333333,0.375
0.043492899118511265,0.1893939393939394,0.3873144399460189,0.2747126436781609,0.25201738050900063,0.0,0.3333333333333333,0.0,0.5
0.04308888344760039,0.6363636363636364,0.0,0.2293103448275862,0.0,0.07741935483870968,0.3333333333333333,0.0,0.375
0.05407688540646425,0.49242424242424243,0.33063427800269907,0.14482758620689656,0.1855990068280571,0.0,0.3333333333333333,0.0,0.25
0.05063050930460333,0.6136363636363636,0.5146198830409356,0.3798850574712644,0.0,0.0,0.3333333333333333,0.0,0.375
0.054480901077375125,0.49242424242424243,0.30229419703103916,0.10862068965517241,0.0,0.0,0.3333333333333333,0.0,0.25
0.08738981390793339,0.30303030303030304,0.37786774628879893,0.20517241379310344,0.521415270018622,0.0,0.3333333333333333,0.0,0.5
0.046890303623898136,0.3939393939393939,0.4534412955465587,0.3132183908045977,0.0,0.0,0.6666666666666666,0.3333333333333333,0.25
0.04005876591576885,0.7803030303030303,0.30229419703103916,0.10862068965517241,0.45189323401613907,0.0,0.6666666666666666,0.3333333333333333,0.375
0.12928501469147893,0.32575757575757575,0.6162843004948269,0.5097701149425288,0.7783985102420856,0.0,1.0,0.3333333333333333,0.5
0.04199314397649363,0.49242424242424243,0.340080971659919,0.15689655172413794,0.2346368715083799,0.0,0.3333333333333333,0.0,0.375
0.043768364348677764,0.7045454545454546,0.4750337381916329,0.3293103448275862,0.0,0.0,0.3333333333333333,0.3333333333333333,0.375
0.09387242899118511,0.7727272727272727,0.7206477732793523,0.6431034482758621,0.0,0.0,0.6666666666666666,0.3333333333333333,0.375
0.012720372184133202,0.5378787878787878,0.29284750337381915,0.12873563218390804,0.4233395406579764,0.0,0.3333333333333333,0.6666666666666666,0.375
0.04464373163565132,0.6212121212121212,0.4080071974808817,0.24367816091954023,0.0,0.0,0.3333333333333333,0.0,0.375
0.02623653281096964,0.3409090909090909,0.4053081421502474,0.34770114942528735,0.06828057107386716,0.0,0.0,0.0,0.5
0.0036116552399608226,0.7348484848484849,0.2834008097165992,0.08448275862068966,0.0,0.0,0.0,0.0,0.125
0.0573396180215475,0.9166666666666666,0.3594242015294647,0.19770114942528735,0.5176908752327747,0.0,0.6666666666666666,0.3333333333333333,0.375
0.018976493633692457,0.3409090909090909,0.291497975708502,0.1442528735632184,0.2383612662942272,0.0,0.6666666666666666,0.0,0.25
0.02877081292850147,0.38636363636363635,0.39766081871345027,0.24195402298850574,0.0,0.0,0.3333333333333333,0.0,0.25
0.018241919686581783,0.2878787878787879,0.19793072424651373,0.12126436781609196,0.0,0.0,0.3333333333333333,0.3333333333333333,0.25
0.06766650342801175,0.3409090909090909,0.3076923076923077,0.11551724137931034,0.31781502172563625,0.05161290322580645,0.6666666666666666,0.0,0.375
0.03023996082272282,0.4166666666666667,0.48493027440395864,0.3706896551724138,0.27622594661700806,0.0,0.6666666666666666,0.3333333333333333,0.375
0.09299706170421156,0.6893939393939394,0.6824111560953666,0.8074712643678161,0.0,0.0,0.6666666666666666,0.3333333333333333,0.25
0.04468658178256611,0.4696969696969697,0.3508771929824561,0.1706896551724138,0.36995654872749845,0.0,0.3333333333333333,0.3333333333333333,0.375
0.02877081292850147,0.553030303030303,0.2919478182636077,0.11264367816091954,0.3128491620111732,0.0,0.3333333333333333,0.0,0.25
0.02683643486777669,0.4166666666666667,0.3657219973009447,0.1896551724137931,0.0,0.0,0.3333333333333333,0.0,0.25
0.05080803134182174,0.7424242424242424,0.5587044534412956,0.4362068965517241,0.0,0.0,0.6666666666666666,0.3333333333333333,0.375
0.0232615083251714,0.3787878787878788,0.26450742240215924,0.20114942528735633,0.5170701427684667,0.0,0.3333333333333333,0.3333333333333333,0.375
0.036116552399608225,0.4621212121212121,0.25191183085919927,0.052873563218390804,0.34761018001241467,0.0,0.6666666666666666,0.0,0.375
0.0654260528893242,0.44696969696969696,0.3216374269005848,0.2103448275862069,0.5034140285536933,0.0,0.3333333333333333,0.3333333333333333,0.375
0.050073457394711064,0.5075757575757576,0.32748538011695905,0.23275862068965517,0.4692737430167598,0.0,0.3333333333333333,0.6666666666666666,0.375
0.06520568070519099,0.7727272727272727,0.3634727845254161,0.3896551724137931,0.5015518311607697,0.0,0.6666666666666666,0.3333333333333333,0.375
0.043952007835455435,0.6666666666666666,0.4363472784525416,0.27988505747126435,0.0,0.0,0.6666666666666666,0.0,0.25
0.028311704211557296,0.4696969696969697,0.4080071974808817,0.3724137931034483,0.0,0.0,0.6666666666666666,0.0,0.25
0.007345739471106758,0.30303030303030304,0.4093567251461988,0.24885057471264369,0.5648665425201738,0.0,0.3333333333333333,0.3333333333333333,0.5
0.03953232125367287,0.6590909090909091,0.4493927125506073,0.296551724137931,0.0,0.0,0.3333333333333333,0.0,0.375
0.05080803134182174,0.5681818181818182,0.5006747638326585,0.3620689655172414,0.0,0.0,0.3333333333333333,0.3333333333333333,0.375
0.055025710088148876,0.6818181818181818,0.48268106162843005,0.3390804597701149,0.0,0.0,0.6666666666666666,0.0,0.375
0.06698702252693438,0.7272727272727273,0.6675663517768781,0.575287356321839,0.0,0.0,0.6666666666666666,0.3333333333333333,0.375
0.0013834476003917729,0.7196969696969697,0.2834008097165992,0.08448275862068966,0.0,0.0,0.3333333333333333,0.0,0.125
0.008355778648383938,0.7651515151515151,0.11875843454790823,0.0764367816091954,0.4270639354438237,0.0,0.3333333333333333,0.3333333333333333,0.375
0.05013467189030362,0.5,0.36257309941520466,0.27298850574712646,0.38485412787088763,0.0,0.3333333333333333,0.6666666666666666,0.375
0.04059133202742409,0.6439393939393939,0.5708502024291497,0.4517241379310345,0.0,0.0,0.3333333333333333,0.3333333333333333,0.375
0.027448579823702253,0.4772727272727273,0.08547008547008547,0.23160919540229885,0.0,0.0,0.3333333333333333,0.0,0.25
0.04786973555337904,0.3787878787878788,0.46153846153846156,0.3735632183908046,0.4264432029795158,0.0,0.3333333333333333,0.0,0.5
0.03978942213516161,0.696969696969697,0.38866396761133604,0.23908045977011494,0.0,0.0,0.3333333333333333,0.0,0.375
0.03816723800195886,0.6287878787878788,0.41025641025641024,0.24655172413793103,0.0,0.03096774193548387,0.3333333333333333,0.0,0.25
0.04817580803134182,0.6818181818181818,0.5461088618983356,0.42011494252873566,0.0,0.025806451612903226,0.6666666666666666,0.0,0.25
0.05080803134182174,0.4015151515151515,0.30994152046783624,0.11839080459770115,0.4276846679081316,0.0,0.6666666666666666,0.3333333333333333,0.375
0.05080803134182174,0.6363636363636364,0.4682860998650472,0.32068965517241377,0.0,0.0,0.3333333333333333,0.0,0.375
0.08116429970617042,0.5757575757575758,0.4534412955465587,0.5057471264367817,0.0,0.12903225806451613,0.3333333333333333,0.6666666666666666,0.25
0.05599902056807052,0.7348484848484849,0.30994152046783624,0.514367816091954,0.45996275605214154,0.0,0.6666666666666666,0.3333333333333333,0.375
0.05887610186092067,0.38636363636363635,0.5739991003148898,0.4557471264367816,0.49906890130353815,0.0,0.3333333333333333,0.6666666666666666,0.375
0.0581537708129285,0.1893939393939394,0.0,0.12126436781609196,0.37243947858473,0.0,0.0,0.0,0.375
0.0654260528893242,0.6212121212121212,0.5596041385515069,0.43735632183908046,0.0,0.0,0.3333333333333333,0.6666666666666666,0.375
0.022649363369245838,0.5454545454545454,0.45164192532613584,0.29942528735632185,0.409683426443203,0.0,0.6666666666666666,0.6666666666666666,0.375
0.07345739471106758,0.6136363636363636,0.41745389113810166,0.2557471264367816,0.0,0.0,0.3333333333333333,0.0,0.25
0.047735063663075415,0.3409090909090909,0.23751686909581646,0.07011494252873564,0.0,0.0,0.0,0.0,0.25
0.029719637610186093,0.3409090909090909,0.27485380116959063,0.15402298850574714,0.3792675356921167,0.0,0.6666666666666666,0.0,0.375
0.036116552399608225,0.6060606060606061,0.0,0.19770114942528735,0.0,0.0,0.3333333333333333,0.3333333333333333,0.25
0.0348922624877571,0.26515151515151514,0.5024741340530814,0.19367816091954024,0.3271260086902545,0.0,0.0,0.0,0.375
0.045525220372184136,0.36363636363636365,0.47908232118758437,0.2482758620689655,0.44692737430167595,0.0,0.6666666666666666,0.3333333333333333,0.375
0.036385896180215475,0.7196969696969697,0.34547908232118757,0.16379310344827586,0.0,0.0,0.6666666666666666,0.0,0.25
0.0424522526934378,0.6060606060606061,0.37112010796221323,0.19655172413793104,0.0,0.0,0.6666666666666666,0.0,0.25
0.016791136141038197,0.7727272727272727,0.4808816914080072,0.3367816091954023,0.0,0.0,0.6666666666666666,0.0,0.25
0.02877081292850147,0.6212121212121212,0.41745389113810166,0.2557471264367816,0.0,0.0,0.3333333333333333,0.0,0.375
0.031096963761018608,0.3560606060606061,0.446693657219973,0.32471264367816094,0.0,0.0,0.3333333333333333,0.3333333333333333,0.25
0.0614654750244858,0.6212121212121212,0.6261808367071525,0.5224137931034483,0.0,0.0,0.6666666666666666,0.3333333333333333,0.375
0.07717311459353575,0.49242424242424243,0.44804318488529016,0.29482758620689653,0.0,0.0,0.0,0.3333333333333333,0.375
0.12536728697355534,0.32575757575757575,0.5231668915879443,0.39080459770114945,0.31719428926132837,0.0,0.6666666666666666,0.3333333333333333,0.5
0.03692458374142997,0.6363636363636364,0.38866396761133604,0.2189655172413793,0.0,0.0,0.3333333333333333,0.0,0.25
0.056317335945151814,0.7272727272727273,0.16734143049932523,0.05344827586206897,0.3308504034761018,0.0,0.3333333333333333,0.0,0.375
0.030558276199804113,0.4015151515151515,0.3873144399460189,0.2264367816091954,0.37243947858473,0.0,0.3333333333333333,0.3333333333333333,0.375
0.06413442703232125,0.6893939393939394,0.5236167341430499,0.4810344827586207,0.0,0.0,0.6666666666666666,0.6666666666666666,0.375
0.08132345739471107,0.6439393939393939,0.5146198830409356,0.5436781609195402,0.0,0.0,0.6666666666666666,0.6666666666666666,0.375
0.029505386875612143,0.45454545454545453,0.39766081871345027,0.2908045977011494,0.36250775915580385,0.0,0.3333333333333333,0.0,0.375
0.05489103819784525,0.32575757575757575,0.36707152496626183,0.20402298850574713,0.0,0.0,0.3333333333333333,0.0,0.25
0.0455435847208619,0.8106060606060606,0.37786774628879893,0.21666666666666667,0.0,0.0,0.6666666666666666,0.0,0.25
0.14565989226248777,0.7045454545454546,0.6464237516869096,0.5689655172413793,0.0,0.0,0.3333333333333333,0.6666666666666666,0.125
0.04774730656219393,0.4166666666666667,0.33378317588843903,0.17011494252873563,0.0,0.03870967741935484,0.3333333333333333,0.0,0.25
0.03244368266405485,0.8106060606060606,0.36707152496626183,0.19137931034482758,0.0,0.0,0.6666666666666666,0.0,0.25
0.04095249755142018,0.7575757575757576,0.4156545209176788,0.253448275862069,0.0,0.0,0.3333333333333333,0.0,0.375
0.014079333986287954,0.26515151515151514,0.3076923076923077,0.11551724137931034,0.4245810055865922,0.0,0.3333333333333333,0.0,0.375
0.0715230166503428,0.7727272727272727,0.6432748538011696,0.6689655172413793,0.0,0.0,0.6666666666666666,0.3333333333333333,0.375
0.0039789422135161606,0.7954545454545454,0.3220872694556905,0.1339080459770115,0.521415270018622,0.0,0.6666666666666666,0.3333333333333333,0.375
0.047135161606268364,0.4696969696969697,0.3508771929824561,0.1706896551724138,0.36933581626319056,0.0,0.3333333333333333,0.3333333333333333,0.375
0.07529382957884427,0.6818181818181818,0.34547908232118757,0.40402298850574714,0.4965859714463066,0.0,0.6666666666666666,1.0,0.375
0.03978942213516161,0.553030303030303,0.4030589293747188,0.36149425287356324,0.5561762880198634,0.0,0.3333333333333333,0.0,0.375
0.05567458374142997,0.7803030303030303,0.4642375168690958,0.31551724137931036,0.0,0.03225806451612903,0.6666666666666666,0.3333333333333333,0.375
0.0011691968658178256,0.7348484848484849,0.2834008097165992,0.08448275862068966,0.0,0.0,0.0,0.0,0.125
0.04591087169441724,0.6666666666666666,0.42105263157894735,0.3281609195402299,0.0,0.0,0.6666666666666666,0.0,0.375
0.03628183153770813,0.5984848484848485,0.3742690058479532,0.20057471264367815,0.0,0.0,0.6666666666666666,0.0,0.25
0.0581537708129285,0.75,0.6846603688708952,0.6120689655172413,0.6617008069522036,0.0,0.6666666666666666,0.3333333333333333,0.5
0.035284035259549464,0.7727272727272727,0.44084570400359874,0.28563218390804596,0.0,0.0,0.6666666666666666,0.0,0.375
0.05325661116552399,0.6590909090909091,0.5020242914979757,0.36379310344827587,0.0,0.0,0.6666666666666666,0.0,0.375
0.05080803134182174,0.6060606060606061,0.5200179937022043,0.5959770114942529,0.0,0.0,0.3333333333333333,0.6666666666666666,0.375
0.047135161606268364,0.03787878787878788,0.28609986504723345,0.3482758620689655,0.4103041589075109,0.0,0.3333333333333333,0.0,0.375
0.048665523996082274,0.5984848484848485,0.4750337381916329,0.3293103448275862,0.0,0.0,0.3333333333333333,0.0,0.375
0.05874142997061704,0.29545454545454547,0.6477732793522267,0.55,0.8938547486033519,0.0,0.0,0.0,1.0
0.04577007835455436,0.26515151515151514,0.35807467386414754,0.17988505747126438,0.0,0.0,0.0,0.0,0.25
0.0038932419196865816,0.7196969696969697,0.2834008097165992,0.08448275862068966,0.0,0.0,0.0,0.0,0.125
0.055215475024485795,0.23484848484848486,0.340080971659919,0.15689655172413794,0.44258224705152077,0.0,0.3333333333333333,0.0,0.375
0.05329946131243878,0.6363636363636364,0.47368421052631576,0.3275862068965517,0.0,0.0,0.3333333333333333,0.0,0.375
0.036116552399608225,0.42424242424242425,0.3490778227620333,0.21149425287356322,0.40409683426443205,0.0,0.3333333333333333,0.3333333333333333,0.375
0.05287095984329089,0.6742424242424242,0.6684660368870895,0.5764367816091954,0.0,0.0,0.6666666666666666,0.0,0.375
0.06785014691478942,0.7651515151515151,0.3567251461988304,0.37873563218390804,0.49224084419615144,0.0,0.6666666666666666,0.3333333333333333,0.375
0.07881366307541626,0.6136363636363636,0.5344129554655871,0.5482758620689655,0.0,0.0,0.6666666666666666,0.3333333333333333,0.375
0.03262120470127326,0.3787878787878788,0.30229419703103916,0.12298850574712644,0.4171322160148976,0.0,0.3333333333333333,0.0,0.375
0.06090842311459353,0.7727272727272727,0.5434098065677013,0.4166666666666667,0.0,0.0,0.6666666666666666,0.3333333333333333,0.375
0.04835945151811949,0.6818181818181818,0.51102114260009,0.37528735632183907,0.0,0.0,0.3333333333333333,0.3333333333333333,0.375
0.00605411361410382,0.7803030303030303,0.38461538461538464,0.21379310344827587,0.3637492240844196,0.0,0.6666666666666666,0.3333333333333333,0.375
0.04726983349657199,0.3712121212121212,0.34547908232118757,0.17758620689655172,0.0,0.0,0.3333333333333333,0.0,0.25
0.02509794319294809,0.3484848484848485,0.48268106162843005,0.3390804597701149,0.0,0.0,0.3333333333333333,0.0,0.25
0.029505386875612143,0.4621212121212121,0.41700404858299595,0.335632183908046,0.29298572315332094,0.0,0.6666666666666666,0.0,0.375
0.0765854554358472,0.8484848484848485,0.5002249212775528,0.3758620689655172,0.0,0.0,0.6666666666666666,0.3333333333333333,0.25
0.02877081292850147,0.3484848484848485,0.2771030139451192,0.0764367816091954,0.0,0.0,0.3333333333333333,0.0,0.25
0.031341821743388835,0.5833333333333334,0.44084570400359874,0.382183908045977,0.0,0.0,0.3333333333333333,0.0,0.25
0.043768364348677764,0.6818181818181818,0.40215924426450744,0.23620689655172414,0.0,0.0,0.3333333333333333,0.3333333333333333,0.375
0.03874877571008815,0.1893939393939394,0.16194331983805668,0.31551724137931036,0.48417132216014896,0.0,0.6666666666666666,0.3333333333333333,0.5
0.035883937316356515,0.6893939393939394,0.3940620782726046,0.24195402298850574,0.0,0.0,0.3333333333333333,0.0,0.375
0.01732370225269344,0.45454545454545453,0.1214574898785425,0.1413793103448276,0.0,0.0,0.0,0.0,0.25
0.07478574926542605,0.7651515151515151,0.32613585245164195,0.13908045977011493,0.468032278088144,0.0,0.6666666666666666,0.0,0.375
0.0581537708129285,0.11363636363636363,0.32298695456590193,0.6281609195402299,0.6070763500931099,0.0,0.6666666666666666,0.0,0.375
0.05325661116552399,0.7424242424242424,0.5290148448043185,0.3994252873563218,0.0,0.0,0.6666666666666666,0.3333333333333333,0.375
0.052766895200783544,0.7121212121212122,0.43679712100764734,0.28045977011494255,0.0,0.0,0.3333333333333333,0.3333333333333333,0.375
0.04174828599412341,0.7196969696969697,0.38866396761133604,0.2189655172413793,0.0,0.0,0.6666666666666666,0.0,0.375
0.0420666013712047,0.5984848484848485,0.42330184435447593,0.29540229885057473,0.2936064556176288,0.0,0.3333333333333333,0.0,0.5
0.03464740450538688,0.7196969696969697,0.38866396761133604,0.2189655172413793,0.0,0.03225806451612903,0.6666666666666666,0.0,0.375
0.12484696376101861,0.8560606060606061,0.39586144849302746,0.6879310344827586,0.0,0.0,0.6666666666666666,0.3333333333333333,0.375
0.05325661116552399,0.6515151515151515,0.38866396761133604,0.3798850574712644,0.0,0.025806451612903226,0.3333333333333333,0.3333333333333333,0.375
0.0581537708129285,0.29545454545454547,0.39586144849302746,0.22816091954022988,0.5512104283054003,0.0,0.6666666666666666,0.6666666666666666,0.25
0.05080803134182174,0.26515151515151514,0.11875843454790823,0.16379310344827586,0.4121663563004345,0.0,0.6666666666666666,0.0,0.25
0.0334720861900098,0.6515151515151515,0.41025641025641024,0.24655172413793103,0.0,0.0,0.3333333333333333,0.0,0.375
0.07092311459353574,0.6666666666666666,0.23391812865497075,0.5637931034482758,0.0,0.0,0.6666666666666666,0.3333333333333333,0.375
0.04591087169441724,0.26515151515151514,0.2591093117408907,0.17758620689655172,0.21601489757914338,0.0,0.0,0.0,0.375
0.040585210577864836,0.7121212121212122,0.46153846153846156,0.3120689655172414,0.0,0.0,0.6666666666666666,0.0,0.375
0.04774730656219393,0.6363636363636364,0.38866396761133604,0.2189655172413793,0.0,0.02903225806451613,0.3333333333333333,0.0,0.25
0.06860920666013712,0.49242424242424243,0.4421952316689159,0.28735632183908044,0.4761018001241465,0.08387096774193549,0.3333333333333333,0.0,0.5
0.04775342801175318,0.7803030303030303,0.49347728295096716,0.3603448275862069,0.0,0.0,0.6666666666666666,0.3333333333333333,0.125
0.03060724779627816,0.29545454545454547,0.33378317588843903,0.14885057471264368,0.4605834885164494,0.0,0.0,0.3333333333333333,0.375
0.0581537708129285,0.30303030303030304,0.30859199280251914,0.2775862068965517,0.42582247051520794,0.07741935483870968,0.3333333333333333,0.0,0.5
0.02877081292850147,0.5984848484848485,0.4053081421502474,0.24022988505747125,0.0,0.0,0.3333333333333333,0.0,0.25
0.06675440744368266,0.6893939393939394,0.3742690058479532,0.2833333333333333,0.6896337678460583,0.0,0.6666666666666666,0.0,0.625
0.043462291870714986,0.7954545454545454,0.29239766081871343,0.23275862068965517,0.4196151458721291,0.0,0.6666666666666666,0.3333333333333333,0.375
0.036116552399608225,0.4696969696969697,0.3288349077822762,0.28620689655172415,0.48851644941030414,0.0,0.3333333333333333,0.6666666666666666,0.375
0.02142507345739471,0.3106060606060606,0.5380116959064327,0.40977011494252874,0.0,0.0,0.6666666666666666,0.0,0.25
0.12294319294809011,0.36363636363636365,0.595591542959964,0.3385057471264368,0.3128491620111732,0.0,0.6666666666666666,0.3333333333333333,0.375
0.054113614103819783,0.75,0.4678362573099415,0.4747126436781609,0.0,0.0,0.6666666666666666,0.3333333333333333,0.375
0.05172624877571009,0.6287878787878788,0.6486729644624382,0.5511494252873563,0.0,0.03225806451612903,0.3333333333333333,0.0,0.5
0.04253183153770813,0.32575757575757575,0.30859199280251914,0.11666666666666667,0.3500931098696462,0.0,0.3333333333333333,0.0,0.375
0.06197967678746327,0.5984848484848485,0.4534412955465587,0.3017241379310345,0.0,0.0,0.3333333333333333,0.3333333333333333,0.25
0.04600881488736533,0.7272727272727273,0.45434098065677014,0.32701149425287357,0.0,0.0,0.6666666666666666,0.0,0.375
0.05264446620959843,0.49242424242424243,0.34997750787224474,0.2649425287356322,0.3382991930477964,0.0,0.3333333333333333,0.3333333333333333,0.375
0.0295666013712047,0.3712121212121212,0.352676563202879,0.17298850574712643,0.0,0.0,0.0,0.0,0.25
0.05048971596474045,0.9696969696969697,0.42330184435447593,0.2632183908045977,0.5512104283054003,0.0,0.6666666666666666,0.3333333333333333,0.375
0.053281096963761015,0.6742424242424242,0.6819613135402609,0.5936781609195402,0.0,0.0,0.6666666666666666,0.0,0.375
0.04024853085210578,0.6515151515151515,0.5146198830409356,0.3798850574712644,0.0,0.0,0.6666666666666666,0.0,0.375
0.05080803134182174,0.5681818181818182,0.47998200629779575,0.335632183908046,0.0,0.0,0.6666666666666666,0.0,0.25
0.0416258570029383,0.553030303030303,0.7013045434098065,0.6183908045977011,0.0,0.0,0.6666666666666666,0.0,0.25
0.05034892262487757,0.9090909090909091,0.4943769680611786,0.35402298850574715,0.0,0.0,0.3333333333333333,0.0,0.375
0.0640732125367287,0.5378787878787878,0.34547908232118757,0.16379310344827586,0.2681564245810056,0.0,0.3333333333333333,0.0,0.375
0.06644833496571988,0.3787878787878788,0.30229419703103916,0.1879310344827586,0.4171322160148976,0.0,0.3333333333333333,0.0,0.5
0.05595004897159647,0.2196969696969697,0.29239766081871343,0.27298850574712646,0.3606455617628802,0.0,0.6666666666666666,0.3333333333333333,0.375
0.04725759059745348,0.6893939393939394,0.5069725596041386,0.39195402298850573,0.0,0.0,0.6666666666666666,0.0,0.375
0.06957027424094026,0.30303030303030304,0.3940620782726046,0.22586206896551725,0.33519553072625696,0.0,1.0,0.3333333333333333,0.5
0.08706537708129285,0.7348484848484849,0.38866396761133604,0.2189655172413793,0.0,0.0,0.3333333333333333,0.3333333333333333,0.375
0.27118021547502447,0.25,0.4080071974808817,0.4735632183908046,0.6523898199875854,0.0,0.6666666666666666,0.3333333333333333,0.625
0.05080803134182174,0.7651515151515151,0.23751686909581646,0.3511494252873563,0.4723774053382992,0.0,0.6666666666666666,0.3333333333333333,0.375
0.06608104799216455,0.6742424242424242,0.5069725596041386,0.5528735632183908,0.0,0.0,0.6666666666666666,0.3333333333333333,0.375
0.03426175318315377,0.6590909090909091,0.4678362573099415,0.3201149425287356,0.0,0.0,0.3333333333333333,0.0,0.375
0.05919441723800196,0.7803030303030303,0.4228520017993702,0.3120689655172414,0.0,0.0,0.6666666666666666,0.0,0.375
0.059555582761998044,0.7045454545454546,0.4741340530814215,0.5913793103448276,0.7088764742396028,0.0,0.6666666666666666,0.3333333333333333,0.5
0.038822233104799216,0.32575757575757575,0.41025641025641024,0.24655172413793103,0.319056486654252,0.0,0.3333333333333333,0.3333333333333333,0.375
0.04560479921645445,0.7196969696969697,0.4507422402159244,0.2982758620689655,0.0,0.0,0.6666666666666666,0.0,0.375
0.08240695396669931,0.553030303030303,0.0,0.6114942528735632,0.44692737430167595,0.0,0.6666666666666666,0.3333333333333333,0.25
0.046474045053868755,0.5909090909090909,0.04723346828609987,0.2454022988505747,0.0,0.0,0.6666666666666666,0.0,0.375
0.06638099902056807,0.5606060606060606,0.3742690058479532,0.317816091954023,0.0,0.0,0.3333333333333333,0.3333333333333333,0.375
0.027056807051909892,0.5,0.30409356725146197,0.11091954022988505,0.2824332712600869,0.0,0.3333333333333333,0.0,0.375
0.06416503428011754,0.6515151515151515,0.4988753936122357,0.38620689655172413,0.0,0.025806451612903226,0.6666666666666666,0.0,0.375
0.0348922624877571,0.7803030303030303,0.38866396761133604,0.2189655172413793,0.0,0.0,0.3333333333333333,0.0,0.375
0.09283790401567091,0.6060606060606061,0.36707152496626183,0.2235632183908046,0.3234016139044072,0.0,0.3333333333333333,0.0,0.375
0.04140548481880509,0.5606060606060606,0.30229419703103916,0.10862068965517241,0.1564245810055866,0.12903225806451613,0.6666666666666666,0.3333333333333333,0.375
0.043547992164544566,0.6666666666666666,0.47638326585695007,0.33620689655172414,0.0,0.0,0.3333333333333333,0.0,0.375
0.04569662095984329,0.4621212121212121,0.42780026990553305,0.2689655172413793,0.0,0.0,0.3333333333333333,0.0,0.25
0.03484941234084231,0.6515151515151515,0.41025641025641024,0.43275862068965515,0.0,0.0,0.3333333333333333,0.3333333333333333,0.375
0.036973555337904015,0.7272727272727273,0.38596491228070173,0.21551724137931033,0.0,0.0,0.3333333333333333,0.0,0.25
0.04537218413320274,0.6212121212121212,0.4462438146648673,0.4729885057471264,0.0,0.0,0.3333333333333333,0.0,0.25
0.029829823702252692,0.696969696969697,0.3940620782726046,0.24080459770114943,0.0,0.0,0.3333333333333333,0.0,0.375
0.06243878550440744,0.4621212121212121,0.4574898785425101,0.3086206896551724,0.643699565487275,0.0,0.3333333333333333,0.3333333333333333,0.375
0.04888589618021547,0.7727272727272727,0.5704003598740441,0.4511494252873563,0.0,0.0,0.3333333333333333,0.0,0.375
0.029505386875612143,0.3787878787878788,0.34547908232118757,0.3057471264367816,0.0,0.04,0.3333333333333333,0.0,0.375
0.03042360430950049,0.5606060606060606,0.4502923976608187,0.29770114942528736,0.6213531967721911,0.0,1.0,0.0,0.5
0.0969637610186092,0.6136363636363636,0.5101214574898786,0.42873563218390803,0.0,0.0,0.3333333333333333,0.0,0.375
0.059555582761998044,0.6287878787878788,0.5326135852451642,0.5350574712643679,0.0,0.0,0.6666666666666666,0.3333333333333333,0.375
0.04577007835455436,0.1893939393939394,0.5721997300944669,0.453448275862069,0.5760397268777157,0.0,0.0,0.0,0.5
0.054725759059745346,0.7954545454545454,0.7584345479082322,0.6913793103448276,0.0,0.0,0.6666666666666666,0.3333333333333333,0.375
0.08760406464250735,0.7727272727272727,0.5065227170490328,0.36954022988505747,0.0,0.0,0.6666666666666666,0.0,0.375
0.04774730656219393,0.6818181818181818,0.4161043634727845,0.2540229885057471,0.0,0.0,0.3333333333333333,0.0,0.25
0.1613001958863859,0.6439393939393939,0.2631578947368421,0.9114942528735632,0.0,0.0,0.6666666666666666,0.3333333333333333,0.5
0.13950783545543585,0.49242424242424243,0.4642375168690958,0.4160919540229885,0.7423960273122284,0.0,0.3333333333333333,0.6666666666666666,0.5
0.08003795298726739,0.6287878787878788,0.3684210526315789,0.49482758620689654,0.0,0.0,0.6666666666666666,0.3333333333333333,0.375
0.04603330068560235,0.11363636363636363,0.48942869995501576,0.4051724137931034,0.34823091247672255,0.0,0.6666666666666666,0.0,0.25
0.0420115083251714,0.6363636363636364,0.5146198830409356,0.3798850574712644,0.0,0.0,0.3333333333333333,0.3333333333333333,0.375
0.049338883447600394,0.7348484848484849,0.5222672064777328,0.5160919540229885,0.0,0.0,0.6666666666666666,0.3333333333333333,0.375
0.036116552399608225,0.5681818181818182,0.38866396761133604,0.2189655172413793,0.0,0.0,0.6666666666666666,0.0,0.375
0.036116552399608225,0.7348484848484849,0.34547908232118757,0.16379310344827586,0.0,0.0,0.3333333333333333,0.0,0.25
0.03572477962781587,0.5378787878787878,0.440395861448493,0.2850574712643678,0.6076970825574177,0.0,0.6666666666666666,0.0,0.5
0.0,0.7954545454545454,0.252361673414305,0.04482758620689655,0.41464928615766605,0.0,0.6666666666666666,0.3333333333333333,0.25
0.036159402546523015,0.6287878787878788,0.38596491228070173,0.21551724137931033,0.0,0.0,0.0,0.0,0.25
0.006170421155729677,0.7651515151515151,0.3616734143049933,0.18448275862068966,0.4618249534450652,0.0,0.6666666666666666,0.3333333333333333,0.375
0.05080803134182174,0.49242424242424243,0.32748538011695905,0.2833333333333333,0.20608317815021726,0.0,0.3333333333333333,0.6666666666666666,0.25
0.0372796278158668,0.6060606060606061,0.4939271255060729,0.35344827586206895,0.0,0.0,0.3333333333333333,0.0,0.375
0.06191234084231146,0.26515151515151514,0.32748538011695905,0.37528735632183907,0.548106765983861,0.0,0.6666666666666666,0.0,0.375
0.028158667972575907,0.36363636363636365,0.19793072424651373,0.2218390804597701,0.0,0.0,0.0,0.0,0.25
0.04600881488736533,0.6666666666666666,0.5042735042735043,0.36666666666666664,0.0,0.0,0.6666666666666666,0.0,0.375
0.06624632713026445,0.6515151515151515,0.4246513720197931,0.296551724137931,0.0,0.0,0.6666666666666666,0.0,0.375
0.024547012732615083,0.26515151515151514,0.2181736392262708,0.29770114942528736,0.393544382371198,0.0,0.3333333333333333,0.0,0.25
0.06578109696376101,0.7651515151515151,0.3814664867296446,0.3649425287356322,0.5661080074487895,0.0,0.6666666666666666,0.3333333333333333,0.5
0.10021425073457395,0.05303030303030303,0.4120557804768331,0.24885057471264369,0.5127250155183116,0.0,0.6666666666666666,0.3333333333333333,0.5
0.051787463271302646,0.6742424242424242,0.3697705802968961,0.3086206896551724,0.515828677839851,0.0,0.6666666666666666,0.3333333333333333,0.375
0.020886385896180217,0.5378787878787878,0.3360323886639676,0.16724137931034483,0.28305400372439476,0.0,0.3333333333333333,0.0,0.375
0.057290646425073456,0.6515151515151515,0.47233468286099867,0.3258620689655172,0.0,0.0,0.3333333333333333,0.0,0.375
0.06376714005876592,0.7196969696969697,0.6486729644624382,0.5511494252873563,0.0,0.0,0.6666666666666666,0.3333333333333333,0.25
0.02509794319294809,0.3409090909090909,0.3108412055780477,0.11954022988505747,0.0,0.0,0.3333333333333333,0.0,0.25
0.06243878550440744,0.7651515151515151,0.7557354925775979,0.6879310344827586,0.0,0.0,0.6666666666666666,0.0,0.5
0.04337047012732615,0.7727272727272727,0.4430949167791273,0.2885057471264368,0.0,0.0,0.3333333333333333,0.0,0.375
0.05688050930460333,0.36363636363636365,0.27080521817363923,0.2396551724137931,0.37368094351334574,0.0,0.3333333333333333,0.6666666666666666,0.375
0.043462291870714986,0.9545454545454546,0.3643724696356275,0.1879310344827586,0.5307262569832403,0.0,0.6666666666666666,0.0,0.375
0.00232615083251714,0.7348484848484849,0.30229419703103916,0.10862068965517241,0.33891992551210426,0.0,0.3333333333333333,0.0,0.375
0.035394221351616066,0.3106060606060606,0.30859199280251914,0.2672413793103448,0.6083178150217257,0.0,0.0,0.0,0.625
0.030637855044074437,0.4772727272727273,0.413855150697256,0.2706896551724138,0.0,0.0,0.3333333333333333,0.3333333333333333,0.25
0.001426297747306562,0.7196969696969697,0.24561403508771928,0.1810344827586207,0.33891992551210426,0.0,0.0,0.3333333333333333,0.375
0.0479309500489716,0.6893939393939394,0.3598740440845704,0.182183908045977,0.5164494103041589,0.0,0.6666666666666666,0.0,0.5
0.05999020568070519,0.5378787878787878,0.0,0.25689655172413794,0.0,0.0,0.3333333333333333,0.0,0.25
0.05019588638589618,0.6742424242424242,0.36707152496626183,0.3701149425287356,0.5276225946617008,0.0,0.6666666666666666,0.3333333333333333,0.5
0.044453966699314396,0.6212121212121212,0.5470085470085471,0.5994252873563218,0.0,0.0,0.3333333333333333,0.3333333333333333,0.5
0.17543462291870715,0.9015151515151515,0.43769680611785877,0.2850574712643678,0.5406579764121664,0.0,0.6666666666666666,0.3333333333333333,0.375
0.061061459353574925,0.4318181818181818,0.3841655420602789,0.35229885057471266,0.5555555555555556,0.0,0.6666666666666666,0.3333333333333333,0.375
0.02877081292850147,0.3787878787878788,0.49617633828160146,0.3563218390804598,0.0,0.0,0.6666666666666666,0.3333333333333333,0.25
0.05937806072477963,0.6893939393939394,0.5191183085919928,0.385632183908046,0.0,0.0,0.6666666666666666,0.3333333333333333,0.375
0.04001591576885406,0.8939393939393939,0.3594242015294647,0.18160919540229886,0.4792054624456859,0.0,0.6666666666666666,0.3333333333333333,0.375
0.051787463271302646,0.6742424242424242,0.3508771929824561,0.1810344827586207,0.5046554934823091,0.0,0.6666666666666666,0.0,0.5
0.05080803134182174,0.5606060606060606,0.38011695906432746,0.23563218390804597,0.0,0.0,0.6666666666666666,0.0,0.25
0.06366307541625857,0.7045454545454546,0.32703553756185333,0.19885057471264367,0.4512725015518312,0.0,0.6666666666666666,0.0,0.5
0.04070763956904995,0.7727272727272727,0.31039136302294196,0.1235632183908046,0.45189323401613907,0.0,0.6666666666666666,0.0,0.375
0.07238614103819785,0.49242424242424243,0.3598740440845704,0.27413793103448275,0.48417132216014896,0.0,0.3333333333333333,0.6666666666666666,0.375
0.0581537708129285,0.4621212121212121,0.35807467386414754,0.35229885057471266,0.22967101179391683,0.03225806451612903,0.6666666666666666,0.3333333333333333,0.375
0.059622918707149856,0.7272727272727273,0.565901934322987,0.4454022988505747,0.0,0.0,0.6666666666666666,0.0,0.375
0.04591087169441724,0.6742424242424242,0.562753036437247,0.4413793103448276,0.0,0.04516129032258064,0.3333333333333333,0.6666666666666666,0.375
0.047557541625857,0.8863636363636364,0.42105263157894735,0.29482758620689653,0.0,0.0,0.6666666666666666,0.0,0.25
0.04854309500489716,0.6818181818181818,0.38866396761133604,0.41206896551724137,0.0,0.0,0.6666666666666666,0.0,0.125
0.027962781586679725,0.6136363636363636,0.42105263157894735,0.2603448275862069,0.0,0.0,0.3333333333333333,0.0,0.25
0.03416993143976493,0.29545454545454547,0.3076923076923077,0.16666666666666666,0.3612662942271881,0.0,0.0,0.0,0.375
0.02877081292850147,0.4621212121212121,0.30229419703103916,0.15747126436781608,0.35195530726256985,0.0,0.3333333333333333,0.0,0.375
0.0348922624877571,0.6439393939393939,0.45434098065677014,0.3741379310344828,0.0,0.0,0.3333333333333333,0.0,0.25
0.04658423114593536,0.6363636363636364,0.294646873594242,0.4086206896551724,0.0,0.0,0.6666666666666666,0.3333333333333333,0.375
0.0561949069539667,0.7651515151515151,0.36122357174988756,0.35344827586206895,0.5375543140906269,0.0,0.6666666666666666,0.3333333333333333,0.5
0.03550440744368266,0.6212121212121212,0.36707152496626183,0.19137931034482758,0.0,0.0,0.3333333333333333,0.0,0.25
0.04666380999020568,0.5909090909090909,0.4534412955465587,0.3017241379310345,0.0,0.0,0.3333333333333333,0.0,0.25
0.02509794319294809,0.5984848484848485,0.3747188484030589,0.20114942528735633,0.0,0.0,0.3333333333333333,0.0,0.25
0.05181194906953967,0.696969696969697,0.40215924426450744,0.23620689655172414,0.0,0.0,0.6666666666666666,0.0,0.375
0.07667115572967678,0.6287878787878788,0.23976608187134502,0.30919540229885056,0.3600248292985723,0.0,0.3333333333333333,0.0,0.375
0.049614348677766894,0.5454545454545454,0.3139901034637877,0.1235632183908046,0.0,0.0,0.0,0.0,0.25
0.030864348677766894,0.0,0.3508771929824561,0.1706896551724138,0.148975791433892,0.0,0.0,0.0,0.25
0.03703476983349657,0.5757575757575758,0.42825011246063877,0.2695402298850575,0.0,0.0,0.6666666666666666,0.0,0.25
0.05511753183153771,0.7651515151515151,0.3508771929824561,0.34770114942528735,0.48417132216014896,0.0,0.6666666666666666,0.3333333333333333,0.5
0.03023996082272282,0.4015151515151515,0.46873594242015293,0.32126436781609197,0.33147113594040967,0.0,0.3333333333333333,0.3333333333333333,0.375
0.06549951028403526,0.5,0.31668915879442194,0.21666666666666667,0.43699565487274983,0.0,0.3333333333333333,0.3333333333333333,0.375
0.02693437806072478,0.38636363636363635,0.2573099415204678,0.051149425287356325,0.3345747982619491,0.0,0.3333333333333333,0.3333333333333333,0.25
0.047135161606268364,0.3409090909090909,0.29239766081871343,0.20057471264367815,0.40347610180012417,0.0,0.6666666666666666,0.0,0.375
0.07844637610186092,0.6136363636363636,0.48268106162843005,0.7632183908045977,0.0,0.0,0.6666666666666666,0.3333333333333333,0.25
0.02809745347698335,0.4166666666666667,0.36707152496626183,0.19137931034482758,0.0,0.0,0.3333333333333333,0.0,0.25
0.07590597453476983,0.6818181818181818,0.38866396761133604,0.24080459770114943,0.5698324022346368,0.0,0.6666666666666666,0.6666666666666666,0.5
0.05795788442703232,0.7651515151515151,0.6464237516869096,0.5482758620689655,0.0,0.0,0.6666666666666666,0.3333333333333333,0.375
0.04927766895200784,0.6818181818181818,0.5483580746738641,0.4494252873563218,0.0,0.0,0.6666666666666666,0.3333333333333333,0.375
0.04786973555337904,0.75,0.4053081421502474,0.26436781609195403,0.5791433891992551,0.0,0.6666666666666666,0.3333333333333333,0.5
0.0825048971596474,0.5984848484848485,0.582995951417004,0.6649425287356322,0.0,0.0,0.6666666666666666,0.3333333333333333,0.375
0.09094637610186092,0.7803030303030303,0.6117858749437697,0.5454022988505747,0.0,0.0,0.6666666666666666,0.3333333333333333,0.25
0.07607737512242899,0.45454545454545453,0.5069725596041386,0.43275862068965515,0.5412787088764742,0.0,0.6666666666666666,0.6666666666666666,0.5
0.05252203721841332,0.7727272727272727,0.49302744039586144,0.3649425287356322,0.0,0.0,0.3333333333333333,0.3333333333333333,0.375
0.04786973555337904,0.6287878787878788,0.5672514619883041,0.4471264367816092,0.0,0.09032258064516129,0.6666666666666666,0.3333333333333333,0.375
0.10241185112634672,0.5378787878787878,0.7188484030589294,0.6626436781609195,0.6027312228429547,0.0,0.0,0.3333333333333333,0.375
0.09341332027424094,0.4318181818181818,0.42825011246063877,0.39482758620689656,0.7293606455617628,0.0,0.6666666666666666,0.3333333333333333,0.5
0.016221841332027424,0.38636363636363635,0.3679712100764732,0.1925287356321839,0.25201738050900063,0.0,0.3333333333333333,0.0,0.375
0.03906096963761019,0.3484848484848485,0.3288349077822762,0.19367816091954024,0.32464307883302296,0.0,0.3333333333333333,0.3333333333333333,0.375
0.0581537708129285,0.3409090909090909,0.5038236617183985,0.3718390804597701,0.0,0.0,0.6666666666666666,0.3333333333333333,0.25
0.05165279138099902,0.3712121212121212,0.352676563202879,0.267816091954023,0.16883923029174425,0.0,0.3333333333333333,0.0,0.5
0.05080803134182174,0.3787878787878788,0.3157894736842105,0.20632183908045976,0.39106145251396646,0.0,0.3333333333333333,0.0,0.375
0.04936336924583742,0.7121212121212122,0.2982456140350877,0.10344827586206896,0.4276846679081316,0.0,0.3333333333333333,0.0,0.5
0.04621694417238002,0.3106060606060606,0.3666216824111561,0.19080459770114944,0.5431409062693979,0.0,0.3333333333333333,0.3333333333333333,0.375
0.02877081292850147,0.3787878787878788,0.39766081871345027,0.23045977011494254,0.2880198634388578,0.0,0.3333333333333333,0.3333333333333333,0.375
0.054113614103819783,0.7575757575757576,0.4750337381916329,0.3396551724137931,0.0,0.0,0.6666666666666666,0.0,0.375
0.03956292850146915,0.6590909090909091,0.4188034188034188,0.45977011494252873,0.0,0.0,0.6666666666666666,0.0,0.375
0.06631978452497551,0.8560606060606061,0.25146198830409355,0.3431034482758621,0.4171322160148976,0.0,0.6666666666666666,0.0,0.5
0.04921645445641528,0.5,0.30229419703103916,0.10862068965517241,0.0,0.0,0.3333333333333333,0.0,0.25
0.05476248775710088,0.6818181818181818,0.291497975708502,0.27413793103448275,0.0,0.0,0.3333333333333333,0.0,0.0
0.05629285014691479,0.5606060606060606,0.4678362573099415,0.3936781609195402,0.4208566108007449,0.0,0.3333333333333333,0.3333333333333333,0.375
0.05620714985308521,0.6287878787878788,0.26450742240215924,0.3764367816091954,0.0,0.0,0.3333333333333333,0.0,0.375
0.04635161606268364,0.6818181818181818,0.41025641025641024,0.24655172413793103,0.0,0.0,0.6666666666666666,0.0,0.25
0.0393486777668952,0.6590909090909091,0.49752586594691856,0.40632183908045977,0.0,0.0,0.6666666666666666,0.0,0.375
0.04422747306562194,0.2727272727272727,0.4228520017993702,0.31091954022988505,0.5834885164494104,0.0,0.0,0.0,0.5
0.052332272282076396,1.0,0.7597840755735492,0.6931034482758621,0.0,0.0,1.0,0.0,0.375
0.05708251714005876,0.75,0.47368421052631576,0.39655172413793105,0.0,0.0,0.6666666666666666,0.6666666666666666,0.375
0.06204089128305583,0.4090909090909091,0.3562753036437247,0.17758620689655172,0.4500310366232154,0.0,0.6666666666666666,0.6666666666666666,0.375
0.06605044074436826,0.8257575757575758,0.2631578947368421,0.3775862068965517,0.45189323401613907,0.0,0.6666666666666666,0.3333333333333333,0.375
0.036116552399608225,0.5681818181818182,0.3940620782726046,0.29022988505747127,0.0,0.0,0.3333333333333333,0.0,0.375
0.0523873653281097,0.7045454545454546,0.38866396761133604,0.2247126436781609,0.0,0.03870967741935484,0.3333333333333333,0.0,0.375
0.03023996082272282,0.42424242424242425,0.39766081871345027,0.2735632183908046,0.2532588454376164,0.0,0.3333333333333333,0.3333333333333333,0.375
0.016895200783545544,0.3560606060606061,0.38866396761133604,0.2189655172413793,0.0,0.0,0.0,0.0,0.25
0.05172624877571009,0.7121212121212122,0.4741340530814215,0.3281609195402299,0.0,0.0,0.6666666666666666,0.0,0.375
0.05080803134182174,0.6136363636363636,0.47233468286099867,0.3258620689655172,0.0,0.0,0.3333333333333333,0.0,0.25
0.07477350636630754,0.3333333333333333,0.34367971210076476,0.33160919540229883,0.47423960273122284,0.0,0.6666666666666666,0.3333333333333333,0.375
0.048090107737512246,0.7045454545454546,0.6698155645524067,0.5781609195402299,0.0,0.0,0.6666666666666666,0.3333333333333333,0.375
0.07484084231145935,0.6818181818181818,0.42060278902384163,0.2597701149425287,0.0,0.0,0.3333333333333333,0.0,0.375
0.06251224289911851,0.6363636363636364,0.45838956365272154,0.5022988505747127,0.0,0.0,0.3333333333333333,0.3333333333333333,0.25
0.024865328109696376,0.26515151515151514,0.29734592892487627,0.10229885057471265,0.36561142147734327,0.0,0.6666666666666666,0.3333333333333333,0.375
0.07122918707149853,0.7348484848484849,0.3252361673414305,0.14482758620689656,0.409683426443203,0.0,0.6666666666666666,0.3333333333333333,0.375
0.04591087169441724,0.7727272727272727,0.4678362573099415,0.3201149425287356,0.0,0.0,0.6666666666666666,0.0,0.375
0.05104064642507346,0.3333333333333333,0.3616734143049933,0.6988505747126437,0.4643078833022967,0.0,0.3333333333333333,0.3333333333333333,0.5
0.02877081292850147,0.48484848484848486,0.3508771929824561,0.19655172413793104,0.3643699565487275,0.0,0.3333333333333333,0.3333333333333333,0.5
0.07842801175318316,0.6742424242424242,0.5182186234817814,0.38448275862068965,0.0,0.0,0.6666666666666666,0.3333333333333333,0.375
0.00232615083251714,0.7348484848484849,0.2834008097165992,0.08448275862068966,0.4171322160148976,0.0,0.3333333333333333,0.0,0.375
0.0420666013712047,0.6060606060606061,0.38866396761133604,0.2189655172413793,0.0,0.0,0.6666666666666666,0.0,0.25
0.045298726738491675,0.6666666666666666,0.5038236617183985,0.3706896551724138,0.0,0.0,0.6666666666666666,0.0,0.375
0.03795298726738491,0.6363636363636364,0.5605038236617184,0.4385057471264368,0.0,0.0,0.3333333333333333,0.0,0.375
0.03795298726738491,0.5075757575757576,0.3468286099865047,0.15517241379310345,0.45996275605214154,0.0,0.3333333333333333,0.6666666666666666,0.375
0.06549951028403526,0.553030303030303,0.4156545209176788,0.36724137931034484,0.0,0.0,0.6666666666666666,0.0,0.25
0.042176787463271304,0.5984848484848485,0.42645074224021595,0.2672413793103448,0.0,0.0,0.3333333333333333,0.3333333333333333,0.375
0.03260896180215475,0.5606060606060606,0.0,0.13620689655172413,0.0,0.0,0.3333333333333333,0.0,0.25
0.024669441723800197,0.49242424242424243,0.18893387314439947,0.12931034482758622,0.0,0.0,0.0,0.0,0.25
0.018180705190989226,0.42424242424242425,0.24471434997750788,0.16724137931034483,0.0,0.0,0.0,0.0,0.375
0.03244368266405485,0.8106060606060606,0.36707152496626183,0.19137931034482758,0.0,0.0,0.3333333333333333,0.3333333333333333,0.375
0.04638222331047992,0.4772727272727273,0.36707152496626183,0.19137931034482758,0.0,0.0,0.3333333333333333,0.3333333333333333,0.25
0.036116552399608225,0.4772727272727273,0.36122357174988756,0.1839080459770115,0.345747982619491,0.0,0.3333333333333333,0.0,0.25
0.006537708129285015,0.7196969696969697,0.3441295546558704,0.16206896551724137,0.37243947858473,0.0,0.6666666666666666,0.0,0.375
0.05056317335945152,0.7348484848484849,0.38866396761133604,0.2189655172413793,0.0,0.0,0.3333333333333333,0.0,0.375
0.038308031341821744,0.4015151515151515,0.4030589293747188,0.39597701149425285,0.45996275605214154,0.0,0.6666666666666666,0.3333333333333333,0.375
0.04864715964740451,0.6590909090909091,0.38596491228070173,0.21551724137931033,0.5325884543761639,0.0,0.6666666666666666,0.3333333333333333,0.5
0.02877081292850147,0.4696969696969697,0.3139901034637877,0.17413793103448275,0.24208566108007448,0.0,0.6666666666666666,0.0,0.25
0.05443192948090108,0.7045454545454546,0.2564102564102564,0.4247126436781609,0.43327126008690253,0.0,0.6666666666666666,0.3333333333333333,0.5
0.06878672869735554,0.7272727272727273,0.48493027440395864,0.34195402298850575,0.0,0.0,0.6666666666666666,0.3333333333333333,0.375
0.052289422135161606,0.3484848484848485,0.27530364372469635,0.2913793103448276,1.0,0.0,0.6666666666666666,0.0,0.5
0.008355778648383938,0.7727272727272727,0.34053081421502474,0.2540229885057471,0.3414028553693358,0.0,0.3333333333333333,0.3333333333333333,0.5
0.02509794319294809,0.3409090909090909,0.37786774628879893,0.20517241379310344,0.33147113594040967,0.0,0.3333333333333333,0.0,0.25
0.05080803134182174,0.6060606060606061,0.4462438146648673,0.6770114942528735,0.0,0.0,0.3333333333333333,0.3333333333333333,0.375
0.07116185112634672,0.7196969696969697,0.5420602789023842,0.9390804597701149,0.0,0.0,0.6666666666666666,0.6666666666666666,0.5
0.036116552399608225,0.3409090909090909,0.2681061628430049,0.2959770114942529,0.47423960273122284,0.0,0.6666666666666666,0.0,0.5
0.14715352595494613,0.32575757575757575,0.36707152496626183,0.5362068965517242,0.0,0.0,0.6666666666666666,0.0,0.375
0.025318315377081294,0.3560606060606061,0.35807467386414754,0.17988505747126438,0.2222222222222222,0.0,0.3333333333333333,0.0,0.375
0.04419686581782566,0.3106060606060606,0.32118758434547906,0.6787356321839081,0.5350713842333954,0.0,0.3333333333333333,0.3333333333333333,0.625
0.02877081292850147,0.5,0.33063427800269907,0.2218390804597701,0.21663563004345127,0.0,0.6666666666666666,0.3333333333333333,0.375
0.0581537708129285,0.22727272727272727,0.21682411156095366,0.4241379310344828,0.42892613283674735,0.0,0.6666666666666666,0.3333333333333333,0.375
0.029505386875612143,0.3409090909090909,0.4224021592442645,0.2620689655172414,0.35630043451272503,0.0,0.3333333333333333,0.0,0.5
0.02981758080313418,0.3787878787878788,0.43904633378317587,0.38908045977011496,0.2780881440099317,0.0,0.3333333333333333,0.3333333333333333,0.375
0.02877081292850147,0.4090909090909091,0.3877642825011246,0.26839080459770115,0.12911235257603973,0.0,0.3333333333333333,0.3333333333333333,0.375
0.043737757100881486,0.7348484848484849,0.34547908232118757,0.16379310344827586,0.0,0.0,0.6666666666666666,0.0,0.25
0.03942213516160627,0.26515151515151514,0.27980206927575346,0.1482758620689655,0.3860955927995034,0.0,0.6666666666666666,0.0,0.375
0.11780117531831538,0.8409090909090909,0.355825461088619,0.43275862068965515,0.531967721911856,0.0,0.6666666666666666,0.3333333333333333,0.375
0.05080803134182174,0.5681818181818182,0.38506522717049035,0.36149425287356324,0.34512725015518314,0.0,0.3333333333333333,0.0,0.375
0.07194539666993144,0.36363636363636365,0.3747188484030589,0.3275862068965517,0.4934823091247672,0.0,0.6666666666666666,0.3333333333333333,0.5
0.061459353574926545,0.07575757575757576,0.349527665317139,0.4385057471264368,0.6480446927374302,0.0,0.6666666666666666,0.0,0.5
0.06366307541625857,0.7045454545454546,0.3184885290148448,0.12931034482758622,0.43947858472998136,0.0,0.6666666666666666,0.3333333333333333,0.375
0.05767017629774731,0.6363636363636364,0.5632028789923527,0.4419540229885057,0.0,0.0,0.6666666666666666,0.0,0.375
0.05894955925563174,0.5303030303030303,0.41070625281151596,0.32471264367816094,0.3165735567970205,0.0,0.3333333333333333,0.3333333333333333,0.375
0.036116552399608225,0.49242424242424243,0.35447593342330186,0.18448275862068966,0.0,0.0,0.3333333333333333,0.6666666666666666,0.25
0.06884182174338883,0.803030303030303,0.6477732793522267,0.55,0.0,0.0,0.6666666666666666,0.3333333333333333,0.375
0.02220861900097943,0.7651515151515151,0.43094916779127307,0.27298850574712646,0.0,0.0,0.6666666666666666,0.0,0.25
0.0581537708129285,0.3939393939393939,0.29509671614934774,0.27873563218390807,0.0,0.0,0.3333333333333333,0.0,0.5
0.043462291870714986,0.6590909090909091,0.5933423301844355,0.6057471264367816,0.0,0.0,0.6666666666666666,0.3333333333333333,0.375
0.047135161606268364,0.7272727272727273,0.38866396761133604,0.2189655172413793,0.0,0.0,0.6666666666666666,0.0,0.375
0.03738369245837414,0.6212121212121212,0.41025641025641024,0.43275862068965515,0.0,0.0,0.6666666666666666,0.0,0.25
0.06295298726738492,0.7878787878787878,0.24246513720197932,0.3201149425287356,0.42520173805090006,0.0,0.6666666666666666,0.3333333333333333,0.375
0.06259794319294809,0.3560606060606061,0.26450742240215924,0.5402298850574713,0.4643078833022967,0.0,0.6666666666666666,0.3333333333333333,0.375
0.04624142997061704,0.3106060606060606,0.42825011246063877,0.2695402298850575,0.0,0.0,0.3333333333333333,0.3333333333333333,0.25
0.1520690499510284,0.6590909090909091,0.5344129554655871,0.4051724137931034,0.0,0.0,0.3333333333333333,0.0,0.375
0.0640732125367287,0.26515151515151514,0.25191183085919927,0.17988505747126438,0.3414028553693358,0.0,0.3333333333333333,0.0,0.25
0.001426297747306562,0.7196969696969697,0.2834008097165992,0.08448275862068966,0.0,0.0,0.0,0.0,0.125
0.07269221351616063,0.7803030303030303,0.6936572199730094,0.9137931034482759,0.0,0.0,0.6666666666666666,0.6666666666666666,0.375
0.05152424094025465,0.5681818181818182,0.48493027440395864,0.34195402298850575,0.0,0.0,0.3333333333333333,0.0,0.25
0.05287095984329089,0.6818181818181818,0.5650022492127755,0.4442528735632184,0.0,0.0,0.3333333333333333,0.0,0.375
